{"MAE":0.0004168943,"RMSE":0.0005352335,"MAPE":0.0003659545}