{"MAE":1.6664390564,"RMSE":1.6795990467,"MAPE":1.4646029472}