{"MAE":5.9996490479,"RMSE":5.9996490698,"MAPE":5.2980019768}